Instrument,Datastream,DQR,Quality,Start,End,Subject
ACSM,epcaosacsmM1.b1,D230923.1,incorrect,2023-09-18 00:00:00,2023-09-22 23:59:59,Mentors On-Site for Mid-Campaign Calibration
ACSM,epcaosacsmM1.b1,D231129.2,incorrect,2023-11-20 04:00:00,2023-11-22 16:59:18,Incorrect Data
ACSM,epcaosacsmM1.b1,D240215.2,incorrect,2024-02-09 01:00:00,2024-02-09 03:00:00,Incorrect Data
ACSM,epcaosacsmM1.b1,D231129.1,missing,2023-11-22 16:59:18,2023-11-24 16:39:20,Missing Data
AETH,epcaosaeth2spotM1.b1,D230817.4,incorrect,2023-08-04 20:40:00,2023-08-05 18:40:00,Instrument Failure
AETH,epcaosaeth2spotM1.b1,D230817.4,incorrect,2023-08-27 01:55:00,2023-08-27 18:00:00,Instrument Failure
AETH,epcaosaeth2spotM1.b1,D230923.1,incorrect,2023-09-18 00:00:00,2023-09-22 23:59:59,Mentors On-Site for Mid-Campaign Calibration
AETH,epcaosaeth2spotM1.b1,D231114.4,missing,2023-10-15 08:59:01,2023-10-20 21:57:59,Data Not Available
AOSMET,epcaosmetM1.a1,D230923.1,incorrect,2023-09-18 00:00:00,2023-09-22 23:59:59,Mentors On-Site for Mid-Campaign Calibration
AOSMET,epcaosmetM1.a1,D231114.9,missing,2023-10-15 09:00:00,2023-10-20 19:31:49,Data Not Available
AOSMET,epcaosmetM1.a1,D240208.2,suspect,2024-02-01 13:46:00,2024-02-01 21:46:59,Precipitation Data Suspect
APS,epcaosapsM1.b1,D230302.2,incorrect,2023-02-15 00:00:00,2023-03-09 23:59:59,Revision Required
APS,epcaosapsM1.b1,D230510.2,incorrect,2023-05-10 16:00:00,2023-05-10 17:59:59,Instrument Undergoing On-Site Check
APS,epcaosapsM1.b1,D230514.1,incorrect,2023-05-13 15:00:00,2023-05-14 18:30:00,Instrument Undergoing On-Site Check
APS,epcaosapsM1.b1,D230602.2,incorrect,2023-06-01 20:00:00,2023-06-01 21:00:00,Data Incorrect
APS,epcaosapsM1.b1,D230913.1,incorrect,2023-09-12 23:00:00,2023-09-13 00:15:00,Instrument Flow disrupted due to Power Outage
APS,epcaosapsM1.b1,D230923.1,incorrect,2023-09-18 00:00:00,2023-09-22 23:59:59,Mentors On-Site for Mid-Campaign Calibration
APS,epcaosapsM1.b1,D230625.1,suspect,2023-05-01 18:00:00,2023-05-12 07:00:00,Suspicious Data
APS,epcaosapsM1.b1,D230702.1,suspect,2023-04-01 00:00:00,2023-04-02 00:00:00,Suspicious Data
APS,epcaosapsM1.b1,D230702.1,suspect,2023-04-13 00:00:00,2023-04-14 00:00:00,Suspicious Data
APS,epcaosapsM1.b1,D230702.1,suspect,2023-04-15 00:00:00,2023-04-16 00:00:00,Suspicious Data
APS,epcaosapsM1.b1,D230702.1,suspect,2023-04-19 00:00:00,2023-04-20 00:00:00,Suspicious Data
APS,epcaosapsM1.b1,D230702.3,suspect,2023-03-01 00:00:00,2023-03-02 00:00:00, Suspicious Data
APS,epcaosapsM1.b1,D230702.3,suspect,2023-03-04 00:00:00,2023-03-04 09:00:00, Suspicious Data
APS,epcaosapsM1.b1,D230702.3,suspect,2023-03-07 00:00:00,2023-03-08 10:00:00, Suspicious Data
APS,epcaosapsM1.b1,D230702.3,suspect,2023-03-09 00:00:00,2023-03-10 10:00:00, Suspicious Data
APS,epcaosapsM1.b1,D230702.3,suspect,2023-03-11 09:00:00,2023-03-11 18:00:00, Suspicious Data
APS,epcaosapsM1.b1,D230702.3,suspect,2023-03-13 09:00:00,2023-03-13 18:00:00, Suspicious Data
APS,epcaosapsM1.b1,D230702.3,suspect,2023-03-16 03:00:00,2023-03-16 09:00:00, Suspicious Data
APS,epcaosapsM1.b1,D230702.3,suspect,2023-03-17 06:00:00,2023-03-17 09:00:00, Suspicious Data
APS,epcaosapsM1.b1,D230702.3,suspect,2023-03-21 02:00:00,2023-03-24 00:00:00, Suspicious Data
APS,epcaosapsM1.b1,D230702.3,suspect,2023-03-29 20:00:00,2023-03-31 23:59:59, Suspicious Data
APS,epcaosapsM1.b1,D230929.4,missing,2023-09-18 21:07:42,2023-10-23 22:23:35,Instrument Down
CCN,epcaosccn2colaM1.b1,D230825.2,suspect,2023-05-27 01:04:19,2023-05-30 18:22:06,Clock Synchronization Issue
CCN,epcaosccn2colaM1.b1,D230923.1,incorrect,2023-09-18 00:00:00,2023-09-22 23:59:59,Mentors On-Site for Mid-Campaign Calibration
CCN,epcaosccn2colaM1.b1,D231019.1,incorrect,2023-09-29 09:00:00,2023-10-07 01:08:09,Instrument Flooded
CCN,epcaosccn2colaM1.b1,D231019.1,incorrect,2023-10-10 14:11:37,2023-10-10 20:59:07,Instrument Flooded
CCN,epcaosccn2colaM1.b1,D231019.1,incorrect,2023-10-12 14:29:46,2023-10-13 22:36:58,Instrument Flooded
CCN,epcaosccn2colaM1.b1,D231019.1,incorrect,2023-11-01 18:20:03,2023-11-02 16:21:33,Instrument Flooded
CCN,epcaosccn2colaM1.b1,D231019.1,incorrect,2023-11-06 17:41:15,2023-11-06 19:27:50,Instrument Flooded
CCN,epcaosccn2colaM1.b1,D231019.1,incorrect,2023-11-14 16:45:26,2023-11-17 18:01:40,Instrument Flooded
CCN,epcaosccn2colaM1.b1,D231019.1,incorrect,2023-11-21 00:30:53,2023-11-30 00:00:00,Instrument Flooded
CCN,epcaosccn2colaM1.b1,D240103.2,incorrect,2023-12-28 15:00:00,2023-12-28 20:00:00,Incorrect Flow Ratio for CCN Col A
CCN,epcaosccn2colaM1.b1,D240130.1,incorrect,2023-02-15 00:00:00,2024-02-15 00:00:00,Leak in the CCN Sample Line
CCN,epcaosccn2colaM1.b1,D240205.3,incorrect,2024-01-31 20:00:00,2024-01-31 23:00:00,Incorrect Data
CCN,epcaosccn2colaM1.b1,D231215.1,missing,2023-10-13 22:36:58,2023-11-01 18:20:03,Data Not Available
CCN,epcaosccn2colaM1.b1,D231215.4,missing,2023-10-07 01:08:09,2023-10-10 14:11:37,Instrument Flooded
CCN,epcaosccn2colaM1.b1,D231215.4,missing,2023-10-10 20:59:07,2023-10-12 14:29:46,Instrument Flooded
CCN,epcaosccn2colaM1.b1,D231215.4,missing,2023-11-02 16:21:33,2023-11-06 17:41:15,Instrument Flooded
CCN,epcaosccn2colaM1.b1,D231215.4,missing,2023-11-06 19:27:50,2023-11-14 16:45:26,Instrument Flooded
CCN,epcaosccn2colaM1.b1,D231215.4,missing,2023-11-17 18:01:40,2023-11-21 00:30:53,Instrument Flooded
CO-ANALYZER,epcaoscoM1.b1,D230923.1,incorrect,2023-09-18 00:00:00,2023-09-22 23:59:59,Mentors On-Site for Mid-Campaign Calibration
CO-ANALYZER,epcaoscoM1.b1,D231114.5,missing,2023-10-15 09:00:00,2023-10-20 23:09:43,Data Not Available
CPC,epcaoscpcu1mM1.b1,D230322.7,suspect,2023-03-22 00:00:00,2023-03-22 16:00:00,Vaccuum Supply to the Instrument is Sub-Optimal
CPC,epcaoscpcu1mM1.b1,D230913.1,incorrect,2023-09-12 23:00:00,2023-09-13 00:15:00,Instrument Flow disrupted due to Power Outage
CPC,epcaoscpcu1mM1.b1,D230923.1,incorrect,2023-09-18 00:00:00,2023-09-22 23:59:59,Mentors On-Site for Mid-Campaign Calibration
CPC,epcaoscpcu1mM1.b1,D240102.1,incorrect,2024-01-02 14:20:00,2024-01-02 15:00:00,Instrument Undergoing Service
CPC,epcaoscpcu1mM1.b1,D240205.3,incorrect,2024-01-31 20:00:00,2024-01-31 23:00:00,Incorrect Data
CPC,epcaoscpcu1mM1.b1,D231114.6,missing,2023-10-15 08:59:31,2023-10-20 21:00:29,Data Not Available
HTDMA,epcaoshtdmaM1.a1,D230322.4,suspect,2023-02-15 00:00:00,2023-03-04 07:00:00,Sample Flow Fluctuating
HTDMA,epcaoshtdmaM1.a1,D230322.5,incorrect,2023-03-04 07:00:00,2023-03-20 20:00:00,Water in the Instrument
HTDMA,epcaoshtdmaM1.a1,D230425.9,incorrect,2023-04-23 16:00:00,2023-04-24 13:00:00,Instrument not Sampling Ambient Air
HTDMA,epcaoshtdmaM1.a1,D230923.1,incorrect,2023-09-18 00:00:00,2023-09-22 23:59:59,Mentors On-Site for Mid-Campaign Calibration
HTDMA,epcaoshtdmaM1.a1,D231218.5,incorrect,2023-12-12 09:00:00,2023-12-16 00:00:00,Flows not Nominal
HTDMA,epcaoshtdmaM1.a1,D230412.6,missing,2023-03-24 09:00:00,2023-04-11 17:30:00,Instrument Offline for Troubleshooting
NEPHELOMETER,epcaosnephwet1mM1.b1,D230519.1,suspect,2023-03-17 16:00:00,2023-09-23 00:00:00,RH Cycling not Nominal
NEPHELOMETER,epcaosnephwet1mM1.b1,D230923.1,incorrect,2023-09-18 00:00:00,2023-09-22 23:59:59,Mentors On-Site for Mid-Campaign Calibration
NEPHELOMETER,epcaosnephwet1mM1.b1,D231114.10,missing,2023-10-15 08:59:31,2023-10-24 18:00:29,Data Not Available
NEPHELOMETER,epcaosnephwet1mM1.b1,D231206.3,missing,2023-11-20 09:59:58,2023-11-28 15:40:39,Data Missing due to Computer Failure
OZONE,epcaoso3M1.b1,D230923.1,incorrect,2023-09-18 00:00:00,2023-09-22 23:59:59,Mentors On-Site for Mid-Campaign Calibration
OZONE,epcaoso3M1.b1,D231114.14,missing,2023-10-15 09:00:00,2023-10-20 19:37:39,Data Not Available
PSAP,epcaospsap3w1mM1.b1,D230918.3,incorrect,2023-09-11 16:36:20,2023-09-11 18:58:58,Incorrect Data
PSAP,epcaospsap3w1mM1.b1,D230918.3,incorrect,2023-09-12 23:21:00,2023-09-13 00:05:05,Incorrect Data
PSAP,epcaospsap3w1mM1.b1,D230918.3,incorrect,2023-09-13 01:37:48,2023-09-13 01:41:21,Incorrect Data
PSAP,epcaospsap3w1mM1.b1,D230923.1,incorrect,2023-09-18 00:00:00,2023-09-22 23:59:59,Mentors On-Site for Mid-Campaign Calibration
PSAP,epcaospsap3w1mM1.b1,D231114.16,missing,2023-10-15 09:59:31,2023-10-20 19:00:29,Data Not Available
SMPS,epcaossmpsM1.b1,D230228.1,suspect,2023-02-17 00:00:00,2023-02-17 06:45:01,Questionable Data
SMPS,epcaossmpsM1.b1,D230228.3,suspect,2023-02-22 00:00:00,2023-02-25 23:59:59,Instrument Sample Collection Disrupted
SMPS,epcaossmpsM1.b1,D230322.7,suspect,2023-03-22 00:00:00,2023-03-22 16:00:00,Vaccuum Supply to the Instrument is Sub-Optimal
SMPS,epcaossmpsM1.b1,D230702.4,suspect,2023-03-22 03:00:00,2023-03-22 16:00:00,Instrument Error
SMPS,epcaossmpsM1.b1,D230302.4,incorrect,2023-03-01 15:00:00,2023-03-01 23:30:00,Instrument Under Review - With Period of No Data
SMPS,epcaossmpsM1.b1,D230510.2,incorrect,2023-05-10 16:00:00,2023-05-10 17:59:59,Instrument Undergoing On-Site Check
SMPS,epcaossmpsM1.b1,D230514.1,incorrect,2023-05-13 15:00:00,2023-05-14 18:30:00,Instrument Undergoing On-Site Check
SMPS,epcaossmpsM1.b1,D230702.5,incorrect,2023-03-20 18:00:00,2023-03-20 20:00:00,Instrument Undergoing Weekly Check
SMPS,epcaossmpsM1.b1,D230702.5,incorrect,2023-03-27 19:00:00,2023-03-27 20:00:00,Instrument Undergoing Weekly Check
SMPS,epcaossmpsM1.b1,D230913.1,incorrect,2023-09-12 23:00:00,2023-09-13 00:15:00,Instrument Flow disrupted due to Power Outage
SMPS,epcaossmpsM1.b1,D230916.1,incorrect,2023-09-12 23:00:00,2023-09-13 00:30:00,Incorrect Data
SMPS,epcaossmpsM1.b1,D230916.1,incorrect,2023-09-13 02:00:00,2023-09-13 03:00:00,Incorrect Data
SMPS,epcaossmpsM1.b1,D230923.1,incorrect,2023-09-18 00:00:00,2023-09-22 23:59:59,Mentors On-Site for Mid-Campaign Calibration
SMPS,epcaossmpsM1.b1,D231009.11,incorrect,2023-09-11 16:36:00,2023-09-11 18:24:00,Incorrect Data
SMPS,epcaossmpsM1.b1,D231217.1,incorrect,2023-10-30 20:00:00,2023-10-30 21:00:00,Instrument Undergoing Weekly Check
SMPS,epcaossmpsM1.b1,D231217.1,incorrect,2023-11-07 15:00:00,2023-11-07 16:00:00,Instrument Undergoing Weekly Check
SMPS,epcaossmpsM1.b1,D231217.1,incorrect,2023-11-13 20:00:00,2023-11-13 21:00:00,Instrument Undergoing Weekly Check
SMPS,epcaossmpsM1.b1,D231217.1,incorrect,2023-11-20 21:00:00,2023-11-20 22:00:00,Instrument Undergoing Weekly Check
SMPS,epcaossmpsM1.b1,D231217.1,incorrect,2023-12-04 18:00:00,2023-12-04 19:00:00,Instrument Undergoing Weekly Check
SMPS,epcaossmpsM1.b1,D240127.1,incorrect,2024-01-24 16:00:00,2024-01-24 18:00:00,Instrument Undergoing Weekly Check
SMPS,epcaossmpsM1.b1,D240205.3,incorrect,2024-01-31 20:00:00,2024-01-31 23:00:00,Incorrect Data
SMPS,epcaossmpsM1.b1,D230313.3,missing,2023-03-10 18:00:00,2023-03-10 22:00:00,Data Not Available
SMPS,epcaossmpsM1.b1,D231114.18,missing,2023-10-15 08:55:01,2023-10-22 12:35:00,Data Not Available
SMPS,epcaossmpsM1.b1,D231114.18,missing,2023-10-22 12:35:02,2023-10-23 17:19:59,Data Not Available
SMPS,epcaossmpsM1.b1,D231114.18,missing,2023-10-27 17:50:01,2023-10-30 15:24:59,Data Not Available
SO2,epcaosso2M1.b1,D230923.1,incorrect,2023-09-18 00:00:00,2023-09-22 23:59:59,Mentors On-Site for Mid-Campaign Calibration
SO2,epcaosso2M1.b1,D231114.20,missing,2023-10-15 10:00:00,2023-10-20 19:48:14,Data Not Available
SP2,epcaossp2bc60sM1.b1,D230613.8,missing,2023-05-23 17:00:00,2023-06-03 10:23:00,No Data
SP2,epcaossp2bc60sM1.b1,D230721.10,missing,2023-07-08 16:36:00,2023-07-12 15:50:00,Missing Data
SP2,epcaossp2bc60sM1.b1,D230923.1,incorrect,2023-09-18 00:00:00,2023-09-22 23:59:59,Mentors On-Site for Mid-Campaign Calibration
UHSAS,epcaosuhsasM1.b1,D230718.1,suspect,2023-02-15 00:00:00,2023-06-10 23:59:54,Artifacts in the UHSAS data above ~550 nm
UHSAS,epcaosuhsasM1.b1,D230923.1,incorrect,2023-09-18 00:00:00,2023-09-22 23:59:59,Mentors On-Site for Mid-Campaign Calibration
UHSAS,epcaosuhsasM1.b1,D231013.2,incorrect,2023-09-11 16:37:50,2023-09-11 18:22:19,Incorrect Data
UHSAS,epcaosuhsasM1.b1,D240205.3,incorrect,2024-01-31 20:00:00,2024-01-31 23:00:00,Incorrect Data
