Instrument,2023-02,2023-03,2023-04,2023-05,2023-06,2023-07,2023-08,2023-09,2023-10,2023-11,2023-12,2024-01,2024-02
ACSM,100.0,94.4,97.2,94.8,95.8,99.9,100.0,93.5,95.6,90.6,100.0,99.9,92.1
AETH,99.2,99.5,100.0,99.0,99.4,99.4,99.8,99.5,81.1,100.0,100.0,100.0,99.4
AOSMET,100.0,100.0,100.0,100.0,100.0,100.0,100.0,99.7,81.1,100.0,100.0,100.0,100.0
APS,99.9,100.0,100.0,100.0,99.8,100.0,100.0,55.9,24.9,100.0,100.0,100.0,99.7
CCN,0.0,0.0,0.0,26.3,100.0,100.0,99.9,99.6,16.6,41.0,98.0,100.0,100.0
CO-ANALYZER,100.0,100.0,100.0,99.7,99.9,99.7,100.0,99.5,80.8,98.2,100.0,100.0,99.7
CPC,100.0,100.0,99.6,100.0,99.9,100.0,100.0,99.9,81.6,80.1,100.0,100.0,99.4
HTDMA,99.2,33.5,64.3,100.0,99.5,100.0,100.0,99.6,99.9,100.0,100.0,100.0,99.6
NEPHELOMETER,100.0,100.0,100.0,100.0,100.0,100.0,100.0,100.0,69.8,72.6,100.0,100.0,94.6
OZONE,100.0,100.0,100.0,100.0,99.6,99.5,99.9,99.3,81.2,100.0,99.9,74.1,0.0
PSAP,100.0,100.0,100.0,100.0,100.0,100.0,100.0,100.0,82.0,100.0,100.0,100.0,99.1
SMPS,100.0,98.9,100.0,100.0,100.0,100.0,99.9,91.7,62.4,100.0,100.0,100.0,99.4
SO2,100.0,99.9,100.0,100.0,99.9,99.6,99.3,99.5,81.4,99.6,99.7,22.6,0.0
SP2,100.0,100.0,100.0,76.2,91.9,86.6,99.6,96.9,100.0,99.9,98.3,100.0,100.0
UHSAS,100.0,100.0,100.0,100.0,100.0,100.0,100.0,99.9,99.9,100.0,100.0,100.0,99.7
